{"negative": {"precision": 0.5664025870677027, "recall": 0.955800277985673, "f1-score": 0.7112951402205273, "support": 467650}, "neutral": {"precision": 0.0, "recall": 0.0, "f1-score": 0.0, "support": 78}, "positive": {"precision": 0.8594080266421993, "recall": 0.2698655250201147, "f1-score": 0.41075007552403936, "support": 468563}, "accuracy": 0.6124474121827509, "macro avg": {"precision": 0.4752702045699673, "recall": 0.4085552676685959, "f1-score": 0.37401507191485556, "support": 936291}, "weighted avg": {"precision": 0.7129887748891743, "recall": 0.6124474121827509, "f1-score": 0.5608293361379101, "support": 936291}}